{"8475332":0,"10578663":0,"graeme-lion":0.0008798100430096823,"mh_mystery_throwaway":0.028924670107831615,"dimeshake":0,"goooooos":0.03348487592524354,"foxh8er":0,"jfong86":0.0008790780878990253,"coppernickus":0,"idonthavearedditacct":0,"pigdead":0.006854027656191901,"bigjuliusd":0,"ketomine":0.00005123685774598815,"hazyspring":7.319551106569736e-7,"gudspellar":0.0008285731852636941,"gradstudent4ever":0,"peterpoop":0.00010540153593460421,"grandpricks":0,"curlew2012":0,"hawk4192":0.0001581023039019063,"frequentflyerpilot":0.00005416467818861605,"jlangdale":0,"presidentcoolcat":0,"blatantconservative":0,"bongoots":0,"pinkshoelaces":0,"mynameisfreddit":0.000052700767967302103,"texas_rangers":0,"captainhaddock":0,"xoxonut":0,"aperturelabia":0,"work_permit":0.000052700767967302103,"oodles64":0,"siriusch":0,"theballisrond":0.000049772947524674204,"mykindoflove":0,"replicaindigo":0,"idonotknowwhoiam":0,"cjshaker":0.00005416467818861605,"autowikibot":0,"connaissance1":0.00005123685774598815,"nesse":0,"justice-solforge":0.0013284985258424074,"corinthian_llama":0.000415750502853161,"atlantisrising":0,"mrm9mro":0.0035492503315756652,"fooeynet":0,"tpib10":0,"zaltorthemerciless":0,"ir1907":0,"areout":0.0008300370954850081,"llaine":0,"legacy_of_fail":0,"redditchampsys":0.000002195865331970921,"crispr":0,"avihais":0,"rockpaperbird":0,"ohgodhowdidthisget":0.00004684512708204631,"partypoison98":0,"alfajew":0.00002195865331970921,"flatbar":0.000011711281770511578,"badcopwithdonut":0.000007319551106569736,"drdro2345":0,"jewboy11505":0.000005855640885255789,"relevantjew":0,"artifexr":0,"riflebird":0.000008783461327883684,"lonleyviolist":0,"suddenly_mozzarella":0,"doopdoopderp":0,"cheezeburgerwalrus":0,"verinverin":0,"mirrth":0,"president_of_derp":0.000008783461327883684,"thevetrinarian":0,"dear_occupant":0,"ussbaney":0,"tofutiy":0.000004391730663941842,"ephraim325":0.000005855640885255789,"youaintseennuthin":0,"naggers123":0,"flylo760":0,"tenlenny":0.000023422563541023156,"evanx11":0,"salpfish":0,"pm_me_ur_tits":0,"reginald002":0,"themoves":0,"hot4hotz":0,"funnygreensquares":0.000005855640885255789,"technically_art":0,"sex_e_searcher":0.0000029278204426278945,"acydetchx":0,"damnskipp":0.0000014639102213139472,"khaki_scout_shakusky":0,"mr_marram":0.000005855640885255789,"ikhaotikk":0,"aprinciplednotion":0.0000029278204426278945,"giddyup523":0,"death_star_":0,"tombodadin":0,"jimmybrite":0,"dohvakyn":0.000035133845311534736,"dvegas2":0,"sawmyoldgirlfriend":0.000007319551106569736,"knasil":0,"frostcrag64":0.0000014639102213139472,"antoniomteixeira":0,"crilor":0.00001024737154919763,"gus2155":0,"the_dog_says":0.0000014639102213139472,"jukebox_villain":0.000005855640885255789,"lagadu":0,"stonewallnilgoals":0.0000014639102213139472,"persistenceis_futile":0,"intermerda1":0,"hemp5678":0.0000014639102213139472,"roflkopt3r":0,"whatnoreally":0.0000014639102213139472,"imscared6":0,"quicheauchat":0,"thehndoit":0,"txuncut":0,"ichegoya":0,"shifty1032231":0,"kazeyo":0.0000014639102213139472,"pedobear_slayer":0,"radiosourcecode":0.0000014639102213139472,"sandurz":0,"first_past_the_post":0.0000014639102213139472,"arabredditor":0,"sidmarc":0.000004391730663941842,"mushtingz":0.000005855640885255789,"my_shit_is_perfect":0.000004391730663941842,"madnessofkinghippo":0,"glasshouseresident":0.0015985899616748303,"masshole224":0.028785110666733026,"inwonderment":0.0020128765543066776,"aeto_the_wizard":0.0005518941534353581,"ayogabos":0.0009771600727270598,"shadax":0,"death_star":0.0011037883068707162,"scoobydone":0.00031034896691855684,"death_star_gone":0,"angepocalypse":0,"exaltedalmighty":0,"sgtstudmufin":0.0006499761382633926,"iamplasma":0,"agentsquish":0,"jjfantastic":0.0003249880691316963,"fazzeh":0,"kurisu7885":0,"mgsoloist":0.000013175191991825526,"sonofarakh":0,"christophurr":0,"coby900":0,"saganic":0.0010950048455428325,"dangerandadrenaline":0.031953256370693295,"eyeinthesky45":0.030499593520928545,"dabears1020":0.03094828200376127,"goodstuff10":0.0007648930906365374,"gleiberkid":0.000008295491254112369,"sweetworld":0,"roneman815":0.03172293449587324,"andysaurus_rex":0.00031034896691855684,"johnmackinrow":0,"melissa1987":0,"theghostwithoutaname":0.0034519003018582874,"ncrtankmaster":0.0013438695831662036,"epictoastable":0,"peskycanadian":0,"prati616":0.0018986915570441895,"illbefamous":0.0013760756080351104,"citizenguy":0.000638264856492881,"ray57":0,"mountainfreshh":0.00032059633846775445,"porn_is_cool":0,"tomtomtumnus":0,"nuw":0,"xcallmethebrute":0,"huzzahsarah":0.0006250896645010554,"bluthru":0,"picassomoon":0,"probeone":0.0006206979338371137,"diy_tripper":0,"monsterit":0,"idk_bro":0,"trytryagainn":0.029560251128918767,"caption_bots_dad":0.000052700767967302103,"cynoclast":0.0004933377445828002,"forikorder":0,"rnienke":0,"sousetoiles":0,"brwilliams":0,"beautifulmania":0,"circ-le-jerk":0.00031034896691855684,"firstryder":0,"thisismylastcig":0,"laughingtachikoma":0.00031034896691855684,"strawberryshitcock":0,"atheistscansuckit":0.0006265535747223694,"let_the_jerk_begin":0,"jambigrunge":0,"tr3vw":0.00015517448345927842,"maxim6194":0,"philoking333":0,"jemlibrarian":0,"emmytee":0,"tylerthor":0,"raldy6776":0,"brosenfeld":0,"spacemoses":0,"zero-1r":0,"boba_the_mando":0,"11waderade11":0,"knowseverythign":0,"goatsaredumb":0,"vannyfresh":0,"aguyonline":0,"askew123":0,"kreimerd":0,"i_cut_my_own_jib":0,"_learning_as_i_go_":0,"spillpop":0,"hughesy17":0,"sksmokes":0,"last_gigolo":0,"dam072000":0,"clevername3000":0,"lordkabutops":0,"darkphenox":0,"thesmashposterguy":0,"flamboyantsloth":0,"nudy_aura":0,"awnomnomnom":0,"constructivcritic":0,"firefoxg":0,"perniciouspeyton":0,"muscledhunter":0,"mcdoner":0,"sephstorm":0,"ganjdalfthedank":0,"hankhillforprez":0,"brianshoe":0,"cali_grown22":0,"veritable-governer":0,"alc59":0.0004809409810419908,"bigbrownbeav":0.030654830743397345,"socrateswasacowboy":0.005122175391037143,"destraht":0.005000295570444685,"dimitrisokolov":0.005015508618411262,"godiebiel":0.053249890619712414,"myamotoman":0.0002883903135988476,"catsfive":0,"michaelconnery1985":0,"sheasie":0.006315420547628893,"sloth_lord":0.0002883903135988476,"beastpenguin":0,"goodluckfucker":0,"doc---hopper":0.005706267436506844,"dragonborn_targaryen":0.00030628107093993615,"axolotl_peyotl":0.04635613924212117,"iamnothariseldon":0.0015136831688386215,"iamagod_":0.0007480128115845768,"jar_of_apples":0,"mickyuzi87":0.003954494374007128,"wizaro":0.0008666348510178568,"idcinammon":0.00028985422382016155,"stealthboy":0,"bodhisoma":0,"garriovalere":0.0003359673957915509,"tft2":0.000639899556240015,"slidr":0,"mrg13":0,"laowai852":0.0002913181340414755,"ron316":0.000008783461327883684,"giffordxc":0,"qwazer":0.0002883903135988476,"savegaza":0,"fizzy_t":0.00022597894116349634,"knoxx_harrington":0.0000029278204426278945,"johnnyblac":0,"gorgeisi":0,"cuckname":0.0029650321743596338,"deesmutts88":0.0007348713127645113,"karlhungis":0.028483467423918614,"moparornocar":0.002380494618549846,"brak710":0.002547203785086268,"joseph177":0.0020846081551510608,"faceshovel":0,"defiantsutekh":0,"klinky1984":0.0030156550559067314,"eddie_hitler":0.04289521962673264,"shmegegy":0.0016170514961325122,"compleo":0.0003338365931360828,"redandterrible":0.00802729476873309,"ambiguously_ironic":0.003377061958210894,"platinum_peter":0.023057865375630402,"trainedbug":0,"bergasms":0,"n_ggers__nnoy_me":0,"jimmysnuff":0.0011953396255447778,"bbqsauce18":0,"hardcoremoderate":0.001382720133872963,"fishsticks77":0,"j3nk1ns":0.0015671728217585203,"thefuckingtoe":0,"bitchintechnology":0.011447233030759348,"whosmav":0.0005723888965337533,"congenital_derpes":0,"ninoreno":0.0007568415844193108,"shittyfieldtech":0.00003196203983202118,"doctor_brain-wave":0.0007812679721120921,"safe-word":0.0011768327795802468,"picard_ngc":0,"keepingitneel":0.00124913367884403,"huckleberryquinn":0,"banglafish":0,"tomawar40":0.001469033907088546,"in-china":0,"wetwater":0,"anunnaki77":0.0015107553483959936,"jolocaust":0.00013980342613548194,"forcepulse":0.0007568415844193108,