{"notmarkus":0.00011332840601133284,"alaskadennis":0,"labbrat":0.00006898250800689825,"neoform3":0.0001675289480167529,"vanostran":0.00023651145602365115,"shopcat":0.00019216555801921656,"omfgninja":0.0001379650160137965,"p-dub":0,"radiohead_fan123":0,"davem191":0,"xhandler":0.00004927322000492732,"zardoz73":0,"pilebsa":0.000009854644000985464,"forevergotshorter":0,"inri137":0.000004927322000492732,"jtdgrz":0,"ed2417":0,"realitytvstar":0.000009854644000985464,"meridianjp":0,"bevansdesign":0,"madfrogurt":0.000004927322000492732,"anions":0,"elishag":0.000009854644000985464,"knellotron":0.000009854644000985464,"kingnothing1":0,"eetmorturkee":0,"terumo":0.000004927322000492732,"coleman57":0,"unloud":0.000004927322000492732,"orrorin":0,"corpus_callosum":0,"plato1123":0.000009854644000985464,"legrandoiseau":0,"radical_centrist":0,"philipkd":0,"juliusseizure":0,"thinkalone":0,"antihexe":0,"tdehnel":0,"eromitlab":0,"rm999":0,"nickconrad":0,"laundryboat":0.000009854644000985464,"fingers":0.00012811037201281104,"tacapd42":0,"veteran4peace":0,"waffleninja":0.000009854644000985464,"callum_cglp":0.000009854644000985464,"chancesarent":0,"contentwithourdecay":0,"jmt123":0.000009854644000985464,"reddeb":0.000009854644000985464,"sunsunsun":0,"lordthadeus":0,"miiik":0,"droopymccool":0,"stringerbell":0,"spookybill":0,"ladytomorrow":0,"pxorp":0.000004927322000492732,"jingo04":0,"oshout":0,"baysiqq":0,"yoshiler":0,"uberalles2":0.000004927322000492732,"mexicodoug":0,"fuzzo":0,"purpledrank":0,"gordo65":0,"epsd101":0,"enricos":0,"reticentbias":0.000009854644000985464,"m1ss1ontomars2k4":0.000009854644000985464,"xenotype":0,"syroncoda":0,"kublakhan":0,"blackestnight21":0,"britainritten":0.000009854644000985464,"pursatrat":0,"gpojd":0,"brotherseamus":0,"automatedresponse":0,"alkoholik":0,"lu-tze":0,"hardwarelust":0,"jcy":0,"bingcognito":0,"chyndonax":0,"hansk":0,"lectrick":0,"glob":0,"havesometea1":0,"linlea":0,"oliverotto":0,"taughtology":0.000059127864005912786,"schnike":0,"neuromonkey":0.00007883715200788372,"foxhound199":0,"lookingchris":0,"wolfshawk":0,"thatsgoodkarma":0,"binary_search_tree":0,"karmanaut":0,"americangoyblog":0.00002463661000246366,"arturobadfinger":0.00003941857600394186,"madscientist420":0.00004434589800443459,"sfgeek":0.00004434589800443459,"terraserenus":0,"kaythetall":0.000009854644000985464,"ngngboone":0.000009854644000985464,"halbie":0,"toastybeast":0.000004927322000492732,"deadsoon":0,"zith":0.000004927322000492732,"anavrin":0,"princeofid":0,"biuku":0.000009854644000985464,"dotrob":0,"howmuchmore":0,"mtranda":0,"joejance":0,"toddpalin":0.000004927322000492732,"suppy":0,"h-town":0,"alephnul":0,"mikaelhg":0,"lloydxmas":0.000014781966001478197,"dezzie":0,"kfury":0,"nonamecynic":0.000009854644000985464,"oniall":0,"busytigger":0,"cartooncorpse":0,"lightheat":0,"spikey666":0,"dillenger69":0,"grahamlester":0,"lilmul123":0.000034491254003449125,"moom":0.000009854644000985464,"machsmit":0,"jon_titor":0,"nixonrichard":0,"drbrian":0,"afbase":0,"giveitago":0,"smek2":0,"sumdumusername":0,"frumious":0,"monkeyman114":0,"echobreeze":0,"five4five":0,"fidodo":0,"ma1kel":0,"earbucket":0.0002463661000246366,"alllie":0.0005863513180586351,"barc0001":0.0013402315841340232,"epistaxis":0.0005222961320522296,"notmyrealname":0,"sartorial_caveman":0.00017738359201773836,"oughgh":0,"tomatopaste":0,"mindbleach":0.0007464892830746489,"unrealious":0,"aphexmandelbrot":0,"dougbdl":0,"acegibson":0.000014781966001478197,"klubberknuckle":0.000054200542005420054,"timeshifter_":0.0007218526730721853,"kiddiefiddler":0.0003695491500369549,"slapchopsuey":0,"facehammer":0,"chunkylafunga":0.00017738359201773836,"drsausage":0.00010840108401084011,"baddox":0.0007144616900714462,"palalab":0.000029563932002956393,"crusoe":0.00001970928800197093,"bauer22":0,"mattsilv":0,"flaflashr":0,"summernot":0,"locuester":0,"talkingwires":0.000059127864005912786,"strafefire":0.00003941857600394186,"mootiechazam":0.00002463661000246366,"joefelice":0,"metmerc":0,"myalomark":0,"traal":0.000014781966001478197,"crash86":0,"petdance":0,"squealy_dan":0,"m0b1u5":0.000014781966001478197,"mfluder":0.000014781966001478197,"rickyisawesome":0,"bsimmons666":0.000014781966001478197,"clausy":0,"skinnymonkey":0,"tartarsauce":0,"cbender35":0,"skooma714":0,"j1ggy":0,"redebo":0,"davidara":0,"demiurge11":0,"cremmler":0,"jinmarui":0,"severedfragile":0,"eadsm":0,"cheddarben":0,"oglach":0.00011825572801182557,"nukegandhi":0,"bigbudmicro":0.00001970928800197093,"the_crustybastard":0,"cdresden":0,"pandakahn":0.000059127864005912786,"aurihuntsmonsters":0,"twotonmantis":0,"jpatton89":0,"2hardtry":0,"tron10000":0,"caulibflower":0,"wwabc":0.0013303769401330377,"zebz":0.004740083764474008,"stopit":0.000029563932002956393,"acpawlek":0,"mesadixon":0.0010347376201034738,"antifolkhero":0.00045331362404533136,"monoape":0,"drbold":0,"shoegaze99":0.00006898250800689825,"kaptainlange":0,"thedizzlefoshizzle":0,"clintondiditfirst":0,"eatadonut":0.0002315841340231584,"bigcynic":0,"absolut696":0.00095590046809559,"jeeebus":0.00044099531904409953,"sweetlove":0.00007390983000739098,"steppenwolfdoo":0,"jarvis400":0.00006405518600640552,"noodler":0.000034491254003449125,"jk3us":0,"sumdeus":0,"nullynull":0,"moonzilla":0.00004927322000492732,"trifecta":0,"reliant":0,"karma_chameleon":0,"khazeh":0.00004927322000492732,"futatorius":0,"hockeyschtick":0.00004927322000492732,"stardawg":0,"acusticthoughts":0.000041882237004188224,"jollyjeff":0,"jenks":0,"foibly":0.000017245627001724563,"mattxb":0,"srv":0,"soumokil":0,"codemonkey1":0.00009854644000985464,"kingkilr":0.000054200542005420054,"repster":0,"zorno":0,"facepuncher":0,"zipdog":0,"w000t":0,"chroko":0,"sdsdsdsdsd":0,"smight":0,"chrisandersen":0.00003941857600394186,"drosdin":0,"morty":0.00003941857600394186,"burtonmkz":0,"kylev":0,"ffualo":0,"n0t_5hure":0.000995319044099532,"deuteros":0.00008622813500862281,"ibsulon":0.00010101010101010101,"grantimatter":0,"apeman":0.0004951958610495196,"joonix":0,"deckman":0.00010347376201034738,"jinendu":0.00010840108401084011,"swerdna":0,"reddit_user13":0.0001305740330130574,"matts2":0,"raresilk9":0,"chicagomemoria":0.00022419315102241931,"nastyconde":0.00008376447400837645,"mrwhite":0,"kousi":0,"vintermann":0,"glamdering":0.00020694752402069475,"stubble":0.00004434589800443459,"mg0314a":0.00010840108401084011,"mohanji":0,"velvetelvis":0.00004927322000492732,"duus":0,"subzerogts":0,"elquesogrande":0.000054200542005420054,"elasticsoul":0,"jimbecile":0.000034491254003449125,"ironpony":0,"john_butts":0.00006898250800689825,"chauss7":0,"monxcracy":0,"krizo":0,"wewa":0.00012071938901207194,"bradbrowndotcom":0,"technocrit":0,"mjsolaro":0.000034491254003449125,"happyjuggler0":0,"108rats":0,"davidthedrake":0.00010347376201034738,"dorkboat":0.000034491254003449125,"bujanx":0,"spaceghoti":0.00007883715200788372,"zoinks":0,"cmotdibbler":0,"slipkid":0.00007883715200788372,"crake":0,"kwh":0.000054200542005420054,"ponder22875":0,"sbchapm":0,"krh":0,"lysine23":0,"dsljohn":0,"libertao":0,"anonymgrl":0,"jerschneid":0.000034491254003449125,"brosephius":0,"smithysmitherson":0,"istatetheobvious":0,"righty":0.00008376447400837645,"dhoser":0.000059127864005912786,"milestretch":0.00007144616900714462,"dead_ed":0.000054200542005420054,"supersauce":0,"cyancynic":0,"quaro":0,"draebor":0,"lipjuicer":0,"ningwut5000":0,"aloysiusthird":0,"mbuf":0,"ellaella":0,"juan234":0,"dearsomething":0,"leavesoflorien":0,"klyde":0,"rc196":0,"dawhoo":0,"steaprok":0,"firepunk":0,"bobcat":0.00021433850702143385,"unshifted":0,"seemant":0,"eouw0o83hf":0.000014781966001478197,"mralex":0.000002463661000246366,"jstlerce":0,"neilien":0.00007390983000739098,"buba1243":0,"iheartbeer":0,"karlaw55":0,"cahuenga":0.00009361911800936191,"chickenfriedcheese":0.00011332840601133284,"insomniac84":0,"killfirstthebanker":0,"albinofrenchy":0,"pleonasm":0,"thinktank58":0,"barnlinger":0.00003941857600394186,"sifumokung":0,"repostofarepost":0,"onesalientoversight":0,"fivre":0,"panic":0,"political_answer_guy":0,"igeldard":0,